{
    "training_loss": [
        9635915.329387018,
        1212954.0044471154,
        523329.4031310096,
        2259417.2774879807,
        74137.28372596153,
        40779.099471153844,
        32607.749354717547,
        23759.790061598556,
        8820.833422757662,
        14822.391389347957,
        21508.70749276968,
        16879.279287954476,
        385.11753732534555,
        340.49483716524566,
        294.4502835552509,
        185.33422516456017,
        119.50272259345421,
        168.4353532262949,
        225.71443373460036,
        22.50354655265808,
        21.66962144264808,
        21.592564466183003,
        20.334896405293392,
        20.035503014051,
        20.639035464800322,
        21.249806926433855,
        20.39428178713872,
        20.732292985182543,
        20.59813583080585,
        18.60483651968149,
        18.637114279086774,
        18.563050040465136,
        18.582640006725605,
        18.55220242353586,
    ],
    "validation_loss": [
        480173.95149539877,
        635149.5201303681,
        1412020.4988496932,
        2606791.5598159507,
        40632.10272478911,
        45484.44812835506,
        27240.848483032976,
        22814.058749520704,
        5830.847492990319,
        6986.014504649156,
        56364.00889091258,
        7250.710931508819,
        301.77866508624305,
        337.7168488297726,
        430.1462741219924,
        104.14433648981199,
        460.970446065891,
        222.5702199175314,
        147.7678263845619,
        22.027291373972513,
        19.527436431931573,
        19.280234243240823,
        18.681132299037067,
        18.88032800288288,
        18.627805949720138,
        17.891306602150383,
        21.17076703522103,
        18.726863182395515,
        18.419060683689235,
        17.145442137688946,
        17.22401640020265,
        17.314592747600532,
        17.514741909284535,
        17.537033028397822,
    ],
    "D_accuracy": [
        0.0,
        0.0,
        0.0,
        0.0,
        0.0,
        0.0,
        0.0,
        0.0,
        0.0,
        0.0,
        0.0,
        0.0,
        0.0,
        0.0,
        0.0,
        0.0,
        0.0,
        0.0,
        0.0,
        0.0862,
        0.0877,
        0.0876,
        0.0,
        0.0864,
        0.0,
        0.0876,
        0.0,
        0.0,
        0.0866,
        0.0879,
        0.0877,
        0.0876,
        0.0865,
        0.0865,
    ],
    "C_accuracy": [
        0.0,
        0.0,
        0.0,
        0.0,
        0.0,
        0.0,
        0.0,
        0.0,
        0.0,
        0.0,
        0.0,
        0.0001,
        0.0001,
        0.0,
        0.0001,
        0.0006,
        0.0001,
        0.0002,
        0.0002,
        0.0034,
        0.0074,
        0.0086,
        0.0269,
        0.0236,
        0.0306,
        0.0276,
        0.0117,
        0.0344,
        0.0226,
        0.0879,
        0.0877,
        0.0876,
        0.0865,
        0.0865,
    ],
    "U_accuracy": [
        0.0,
        0.0,
        0.0,
        0.0,
        0.0,
        0.0,
        0.0,
        0.0,
        0.0,
        0.0,
        0.0,
        0.0,
        0.0,
        0.0,
        0.0,
        0.0,
        0.0,
        0.0,
        0.0,
        0.0862,
        0.0877,
        0.0876,
        0.0865,
        0.0,
        0.0866,
        0.0876,
        0.0,
        0.0,
        0.0866,
        0.0879,
        0.0877,
        0.0876,
        0.0865,
        0.0865,
    ],
    "test_precision": null,
    "test_recall": null,
    "test_f1": null,
}
