{
    "training_loss": [
        31370383.38477349,
        5759856.771434564,
        8854756.267114094,
        10186331.60067114,
        464785.55158347316,
        279214.3255557886,
        239725.8859270134,
        173439.25107487416,
        104603.64827889053,
        73184.38882393036,
        97108.20605534292,
        112380.58037043834,
        102685.0224491401,
        2810.180966616637,
        2263.3848449297398,
        1991.056559190174,
        1399.6183913262898,
        838.7006639826218,
        897.0813441846195,
        1089.4872795975448,
        1064.0540468407958,
        1016.6913540014484,
        35.2935536301376,
        31.620720035117746,
        29.005465302691363,
        24.799125695708614,
        17.607458272076293,
        18.5898980153487,
        22.2219975836325,
        17.8528891531413,
        19.407277032352933,
        19.879955838350643,
        19.598352437371375,
        20.48108684360581,
        19.818506541028118,
        9.65230918826673,
        9.42953982065188,
        9.432536711788817,
        9.298007684746045,
        9.172136092025962,
        9.10074859753551,
        9.189061015084286,
        9.140654307243809,
        9.170540555531547,
        9.077059977166604,
        9.177326202712603,
        9.136653718372319,
        9.152378052833097,
        9.16948725809187
    ],
    "validation_loss": [
        4335363.866935484,
        6281975.258064516,
        16970721.76344086,
        15727590.01075269,
        257240.12743615592,
        295888.09954637097,
        199965.91574260753,
        123708.99915994624,
        34503.580466649866,
        19454.79352528562,
        658370.9084341398,
        51893.92979250672,
        77209.22990171371,
        1990.6157863165743,
        2594.6211173765123,
        1581.2653001354586,
        1675.7797497164818,
        566.9659407420825,
        166.1424054381668,
        206.67879486083984,
        1919.8382542107695,
        624.9797899799962,
        28.033670927888604,
        29.638090031121365,
        31.4700041842717,
        22.182831856512255,
        16.87091841748966,
        15.841620993870562,
        14.682913113665837,
        15.598859248622771,
        18.161311405961232,
        13.645383091383083,
        17.643974581072406,
        14.607984035245833,
        26.891467884022703,
        9.115792643639349,
        9.240042619807745,
        9.212329595319686,
        9.15655218913991,
        9.07598505994325,
        8.973894555081603,
        8.939766783868112,
        8.814525391465875,
        9.058336478407664,
        8.903593273573025,
        8.970693329329132,
        8.817172163276263,
        9.05490932926055,
        9.009609878704111
    ],
    "D_accuracy": [
        0.0,
        0.0,
        0.0,
        0.0,
        0.0,
        0.0,
        0.0,
        0.0,
        0.0,
        0.0,
        0.0,
        0.0,
        0.0,
        0.0,
        0.0,
        0.0,
        0.0,
        0.0,
        0.0,
        0.0,
        0.0,
        0.0,
        0.0883,
        0.0892,
        0.0,
        0.089,
        0.0,
        0.0,
        0.0,
        0.0,
        0.0,
        0.0,
        0.0,
        0.0,
        0.0,
        0.0894,
        0.0886,
        0.0898,
        0.089,
        0.0888,
        0.0891,
        0.0887,
        0.0897,
        0.0888,
        0.0889,
        0.089,
        0.0899,
        0.0886,
        0.0888
    ],
    "C_accuracy": [
        0.0,
        0.0,
        0.0,
        0.0,
        0.0,
        0.0,
        0.0,
        0.0,
        0.0,
        0.0,
        0.0,
        0.0,
        0.0,
        0.0,
        0.0,
        0.0,
        0.0,
        0.0001,
        0.0002,
        0.0001,
        0.0,
        0.0002,
        0.0015,
        0.0012,
        0.0009,
        0.0017,
        0.006,
        0.0057,
        0.0052,
        0.0048,
        0.006,
        0.0093,
        0.0034,
        0.0053,
        0.0015,
        0.0656,
        0.0697,
        0.0647,
        0.0846,
        0.0888,
        0.0891,
        0.0887,
        0.0897,
        0.0888,
        0.0889,
        0.089,
        0.0899,
        0.0886,
        0.0888
    ],
    "U_accuracy": [
        0.0,
        0.0,
        0.0,
        0.0,
        0.0,
        0.0,
        0.0,
        0.0,
        0.0,
        0.0,
        0.0,
        0.0,
        0.0,
        0.0,
        0.0,
        0.0,
        0.0,
        0.0,
        0.0,
        0.0,
        0.0,
        0.0,
        0.0883,
        0.0892,
        0.0,
        0.0,
        0.0,
        0.0,
        0.0,
        0.0,
        0.0,
        0.0,
        0.0,
        0.0,
        0.0889,
        0.0894,
        0.0886,
        0.0898,
        0.089,
        0.0888,
        0.0891,
        0.0887,
        0.0897,
        0.0888,
        0.089,
        0.089,
        0.09,
        0.0886,
        0.0889
    ],
    "test_precision": null,
    "test_recall": null,
    "test_f1": null
}