{
    "training_loss": [
        20956095.63150168,
        3856469.8258808726,
        4900976.227978188,
        7923813.244337249,
        113229.96591075923,
        107732.2709574245,
        88811.26783766778,
        51468.251695548446,
        39411.80680873794,
        56094.66386325503,
        73533.80446203859,
        1566.9646084574244,
        1149.9558494209443,
        949.291430233949,
        545.0597345800207,
        382.37955950282566,
        594.4858214333553,
        779.9060721326995,
        466.12219897020583,
        26.79148046954366,
        21.16783431520398,
        18.373021080989965,
        14.473875128022776,
        15.213777778292663,
        14.756966859062246,
        15.95375207990608,
        9.494667077224527,
        9.305552219224456,
        9.284791083303874,
        9.286576718772018,
        9.17334103616292,
        9.211042650273983,
        9.280567944929905,
        9.22878173085667,
        9.07014300775208,
        9.141544423647375,
        9.12847924168478,
        9.145022735659708,
        9.146076775237217,
        9.140415871063334,
        9.11591501491982,
        9.10202680722179,
        9.075890317379228,
        9.105169889590885,
        9.151837900660983,
        9.133342575546878,
        9.11646338533235
    ],
    "validation_loss": [
        1307347.6078629033,
        6094855.833333333,
        6273365.325268817,
        1844783.9697580645,
        101069.52587365592,
        89566.87355090726,
        80314.43703797043,
        13680.690723706317,
        113285.79847110216,
        128917.60521673386,
        38107.39832199261,
        1250.7767452116937,
        1157.7450305569557,
        743.2195342689432,
        244.73467820690524,
        210.14789802797378,
        337.76858955301265,
        545.3167176605552,
        496.3149668375651,
        26.436072708458028,
        19.637584676024733,
        17.589394405323972,
        10.221181410615163,
        18.019495999941263,
        14.019446654986309,
        13.501313855571132,
        9.088990188414051,
        9.159473452516782,
        9.060270378666539,
        9.086840873123498,
        8.88162302458158,
        9.087964737287132,
        8.899864991505941,
        8.94888186454773,
        8.870688535833871,
        9.101614308613604,
        8.992663219410886,
        9.042876592246435,
        8.927764123485934,
        8.912689016711328,
        8.736266815534202,
        9.165266408715198,
        8.964326279137724,
        8.789884126314552,
        8.88697188900363,
        9.085865794971426,
        8.88960950605331
    ],
    "D_accuracy": [
        0.0,
        0.0,
        0.0,
        0.0,
        0.0,
        0.0,
        0.0,
        0.0,
        0.0,
        0.0,
        0.0,
        0.0,
        0.0,
        0.0,
        0.0,
        0.0,
        0.0,
        0.0,
        0.0,
        0.089,
        0.0887,
        0.0,
        0.0892,
        0.0,
        0.0,
        0.0,
        0.0888,
        0.0888,
        0.0897,
        0.0888,
        0.0898,
        0.0888,
        0.0892,
        0.0893,
        0.0893,
        0.0888,
        0.0885,
        0.089,
        0.0892,
        0.0888,
        0.0898,
        0.0885,
        0.0895,
        0.0899,
        0.0892,
        0.0892,
        0.0889
    ],
    "C_accuracy": [
        0.0,
        0.0,
        0.0,
        0.0,
        0.0,
        0.0,
        0.0,
        0.0,
        0.0,
        0.0,
        0.0,
        0.0,
        0.0,
        0.0,
        0.0001,
        0.0002,
        0.0001,
        0.0001,
        0.0001,
        0.0015,
        0.0024,
        0.0031,
        0.0192,
        0.0031,
        0.0064,
        0.0081,
        0.0857,
        0.0878,
        0.0887,
        0.0888,
        0.0898,
        0.0888,
        0.0892,
        0.0893,
        0.0893,
        0.0888,
        0.0885,
        0.089,
        0.0892,
        0.0888,
        0.0898,
        0.0885,
        0.0895,
        0.0899,
        0.0892,
        0.0892,
        0.089
    ],
    "U_accuracy": [
        0.0,
        0.0,
        0.0,
        0.0,
        0.0,
        0.0,
        0.0,
        0.0,
        0.0,
        0.0,
        0.0,
        0.0,
        0.0,
        0.0,
        0.0,
        0.0,
        0.0,
        0.0,
        0.0,
        0.089,
        0.0887,
        0.0,
        0.0892,
        0.0,
        0.0892,
        0.0,
        0.0888,
        0.0889,
        0.0897,
        0.0888,
        0.0898,
        0.0888,
        0.0892,
        0.0893,
        0.0893,
        0.0888,
        0.0885,
        0.089,
        0.0892,
        0.0888,
        0.0898,
        0.0885,
        0.0895,
        0.0899,
        0.0892,
        0.0892,
        0.089
    ],
    "test_precision": null,
    "test_recall": null,
    "test_f1": null
}